rod.gor,Rodrigo,Gómez,Ramirez,rgr1278@gmail.com,8768,1
giorgio.oso,Giorgio,Oso,Sanchez,giorgio.oso@outlook.com,1458,3
car.fer,Carlos,Fernandez,Mendez,cfm3342@gmail.com,5627,2
mar.roc,Marcos,Roca,Garcia,mrg9213@gmail.com,1042,1
ana.mor,Ana,Moreno,Rios,anamor@gmail.com,2589,1
juanperez,Juan,Perez,Lopez,juan.pedro@gmail.com,3645,3
luis.aza,Luis,Aza,Martinez,luisaza@outlook.com,9832,2
paul.sil,Paul,Silva,Diaz,paulsilva@yahoo.com,7561,1
pat.san,Patricia,Sanchez,Lopez,patricia.san@outlook.com,4836,3
mario.sa,Mario,Sanchez,Garcia,mariosanchez@hotmail.com,5678,1
carmenlara,Carmen,Lara,Martinez,carmenlara@live.com,4321,2
david.al,David,Alvarez,Lopez,david.alvarez@ymail.com,1245,2
lola.ver,Lola,Verde,Reyes,lola.ver@gmail.com,8756,3
mario.mun,Mario,Munoz,Castillo,mario.munoz@gmail.com,6732,2
veronica.n,Veronica,Navarro,Gomez,veronica.navarro@gmail.com,9824,1
carlostor,NewName,Torres,Martinez,newemail@example.com,2647,3
raul.pal,Raul,Palacios,Lopez,raul.palacios@yahoo.com,5193,2
sofi,Sofía,Campuzano,Flores,sof@gmail.com,2222,1
